topo,vol,mix,mae,vl,n,tau_eff
shahbagh,0.5,"(50, 25, 25)",11.137098236868422,2.763226429781782,10,4.03046891736192
shahbagh,1.0,"(50, 25, 25)",11.172516577818158,2.796971250862346,10,3.9945053330002986
shahbagh,2.0,"(50, 25, 25)",10.476139267579349,2.6702243404332533,10,3.9233180182454475
shahbagh,3.0,"(50, 25, 25)",9.656133190925,2.50932955,10,3.8480928863747694
shankar_palashi,0.5,"(50, 25, 25)",9.149554963711267,2.9997990935298375,10,3.0500559132261973
shankar_palashi,1.0,"(50, 25, 25)",8.961671623100251,2.9875571128139087,10,2.9996653736468546
shankar_palashi,2.0,"(50, 25, 25)",9.843225093507696,3.1767992351018863,10,3.0984725080343343
shankar_palashi,3.0,"(50, 25, 25)",9.506996582046781,3.150048582276563,10,3.018047605848671
straight_line,0.5,"(50, 25, 25)",8.659905054936726,3.5114312908977525,10,2.466203760667259
straight_line,1.0,"(50, 25, 25)",8.330791439295236,2.978770244722731,10,2.7967217189893345
straight_line,2.0,"(50, 25, 25)",6.724858775718498,2.426889587625989,10,2.7709784614869237
straight_line,3.0,"(50, 25, 25)",7.0784128932173145,2.6146959749289227,10,2.707164795100024
shahbagh,1.0,"(20, 30, 50)",18.036556616680407,4.3109634856679495,10,4.183880628227076
shahbagh,1.0,"(65, 20, 15)",9.619216881106485,2.450286274678202,10,3.9257522602618278
shahbagh,1.0,"(80, 15, 5)",8.345065882785573,2.1507278430006105,10,3.8801124512076184
shankar_palashi,1.0,"(20, 30, 50)",14.22259472589335,4.511775165904021,10,3.152327898201811
shankar_palashi,1.0,"(65, 20, 15)",7.569269524180783,2.4254266117712286,10,3.1207992389648656
shankar_palashi,1.0,"(80, 15, 5)",6.163805692875696,1.8745436920899927,10,3.2881632574823896
straight_line,1.0,"(20, 30, 50)",12.758056755640737,4.582104020458279,10,2.784322812986847
straight_line,1.0,"(65, 20, 15)",4.86968767551546,1.836083136882941,10,2.652215238893034
straight_line,1.0,"(80, 15, 5)",5.586473185055871,1.823288978693436,10,3.0639537946744584
shahbagh,0.5,"(20, 30, 50)",16.70007439064719,3.9531661227013273,10,4.224480801539269
shahbagh,0.5,"(65, 20, 15)",9.250357424677304,2.352862192363413,10,3.93153388018253
shahbagh,0.5,"(80, 15, 5)",8.241804789235605,2.122113722430959,10,3.883771497313685
shahbagh,2.0,"(20, 30, 50)",16.551724072205392,4.071302092471147,10,4.065462030639695
shahbagh,2.0,"(65, 20, 15)",8.829720677511263,2.2877817411054675,10,3.8595118226814322
shahbagh,2.0,"(80, 15, 5)",7.795170002937338,2.040520546310815,10,3.8201869699526987
shahbagh,3.0,"(20, 30, 50)",14.37937790939109,3.6220668765853103,10,3.969937165529973
shahbagh,3.0,"(65, 20, 15)",8.180311676025001,2.1583964350000002,10,3.7899949904360364
shahbagh,3.0,"(80, 15, 5)",7.2670481372000015,1.9248941749999997,10,3.775297484704583
shankar_palashi,0.5,"(20, 30, 50)",14.254913045975826,4.250898739281341,10,3.353388052801692
shankar_palashi,0.5,"(65, 20, 15)",7.199747037249611,2.3675238620754366,10,3.0410451833579892
shankar_palashi,0.5,"(80, 15, 5)",5.9957712449333105,1.923537818398652,10,3.1170539968508644
shankar_palashi,2.0,"(20, 30, 50)",16.271829992064394,4.9914510138874615,10,3.2599398344874277
shankar_palashi,2.0,"(65, 20, 15)",8.00814665235414,2.4972210289637937,10,3.2068233286010215
shankar_palashi,2.0,"(80, 15, 5)",6.227424121495874,1.8893764631522612,10,3.2960207999553224
shankar_palashi,3.0,"(20, 30, 50)",17.001011871973155,4.946307062192536,10,3.4371121036786514
shankar_palashi,3.0,"(65, 20, 15)",8.423399128560193,2.6996035283163606,10,3.1202356346798616
shankar_palashi,3.0,"(80, 15, 5)",6.461394982377915,2.024679631188732,10,3.1913172251277575
straight_line,0.5,"(20, 30, 50)",16.29034755357293,6.335504459946032,10,2.571278681368286
straight_line,0.5,"(65, 20, 15)",8.147030154554255,3.056091248491641,10,2.665833410103605
straight_line,0.5,"(80, 15, 5)",6.311157852930217,2.274770576817493,10,2.774415106845549
straight_line,2.0,"(20, 30, 50)",10.4548902361539,3.59190400648545,10,2.9106819718112784
straight_line,2.0,"(65, 20, 15)",5.813165671517913,2.0220542861995114,10,2.8748811103602296
straight_line,2.0,"(80, 15, 5)",4.922107053455316,1.5803751086712958,10,3.114518209283611
straight_line,3.0,"(20, 30, 50)",9.469130648902617,3.4119041673658144,10,2.775321399549545
straight_line,3.0,"(65, 20, 15)",5.3457974843616025,1.836113275491536,10,2.9114747743058
straight_line,3.0,"(80, 15, 5)",5.337961297669116,1.6850087268054126,10,3.167913146532654
