topo,variant,delay,seed,pairs,ttc1_true,ttc2_true,drac2_true,ttc_med_true,ttc1_perc,ttc2_perc,drac2_perc,ttc_med_perc,mae
shahbagh,none,0.0,201,47883,4.034834910093353,14.172044358122923,11.517657623791324,7.39756476683938,4.034834910093353,14.172044358122923,11.517657623791324,7.39756476683938,0.0
shahbagh,none,0.0,202,54103,4.70029388388814,15.56475611333937,12.75714840212188,6.483033707865171,4.70029388388814,15.56475611333937,12.75714840212188,6.483033707865171,0.0
shahbagh,none,0.0,203,47873,3.7954588181229503,13.769765838781778,12.065255989806364,7.253044982698961,3.7954588181229503,13.769765838781778,12.065255989806364,7.253044982698961,0.0
shahbagh,none,0.0,204,51940,5.489025798998845,17.185213708124756,13.400077011936851,6.230793609923202,5.489025798998845,17.185213708124756,13.400077011936851,6.230793609923202,0.0
shahbagh,none,0.0,205,44767,3.7304264301829475,14.421337145665333,12.58963075479706,7.3665438596491235,3.7304264301829475,14.421337145665333,12.58963075479706,7.3665438596491235,0.0
shahbagh,PD,2.0,201,52900,4.026465028355387,8.175803402646503,7.300567107750472,10.279145132622368,10.141776937618149,19.062381852551987,14.67296786389414,6.765771948029796,8.556290746138053
shahbagh,PD,2.0,202,58149,4.381846635367762,8.639873428605823,7.814407814407814,10.485807770961143,10.598634542296514,19.388123613475727,14.997678377960069,6.782894736842104,8.224841675819965
shahbagh,PD,2.0,203,61932,5.103985015823807,10.19020861590131,9.10837692953562,9.240084570368255,11.969579538849061,21.31208422140412,16.75870309371569,5.9577944743935305,8.235200738194013
shahbagh,PD,2.0,204,52029,4.141920851832632,8.160833381383458,7.4727555786196165,10.767113402061856,10.092448442214918,18.408964231486287,14.268965384689308,7.081067961165047,8.315403402936761
shahbagh,PD,2.0,205,51922,4.252532645121528,8.670698355225145,7.509340934478641,10.83854774863929,10.041986056007088,18.446901120912138,14.267555178922228,7.15076923076923,8.234743882939554
shahbagh,PD,3.0,201,62788,4.512008664075938,9.006498056953557,7.4218003440147795,11.259125111021977,12.612282601771039,20.277760081544244,16.0572083837676,6.289931506849315,10.874627223474418
shahbagh,PD,3.0,202,58470,3.7677441422951943,7.656918077646655,6.529844364631435,12.03268010922075,11.72054044809304,18.724132033521464,15.3429108944758,6.679019607843137,11.613372192885397
shahbagh,PD,3.0,203,64056,4.908205320344698,9.5276008492569,7.871237667041339,10.661753246753246,13.227488447608343,21.026913950293494,16.519920069938802,5.87622825770412,10.991471478014814
shahbagh,PD,3.0,204,54967,4.151581858205833,8.128513471719396,6.820455909909582,12.21554054054054,11.550566703658559,18.281878217839793,14.99990903633089,6.758421052631581,11.142992916691696
shahbagh,PD,3.0,205,54000,4.155555555555555,7.840740740740741,6.746296296296296,11.621960584645038,12.174074074074074,19.311111111111114,15.633333333333333,6.513417426330296,11.0376731791191
shahbagh,PD,4.0,201,49893,4.870422704587818,8.89102679734632,7.475998637083359,12.194820717131476,14.344697652977374,22.011103762050787,16.882127753392258,6.188443579766537,13.231188481471632
shahbagh,PD,4.0,202,54943,5.061609304187977,9.276886955572138,7.624265147516517,12.839591836734693,14.866316000218408,21.86265766339661,17.78752525344448,6.741891891891892,12.915749746750587
shahbagh,PD,4.0,203,58735,5.352856048352771,10.017876904741636,7.695581850685282,11.007013888888888,15.423512386141141,23.77117561930706,18.091427598535798,5.780263157894735,12.836520327802242
shahbagh,PD,4.0,204,62525,6.407037185125949,11.328268692522991,9.6953218712515,10.22580357142857,17.32267093162735,25.504998000799677,20.23670531787285,5.28867469879518,13.459026434703267
shahbagh,PD,4.0,205,54812,4.727067065606072,8.613077428300372,7.095161643435743,12.261443544208394,13.90571407720937,21.254469824126105,16.549295774647888,6.419151340996169,13.448239844612939
shankar_palashi,none,0.0,201,9765,5.36610343061956,15.135688684075783,9.923195084485407,9.252553191489362,5.36610343061956,15.135688684075783,9.923195084485407,9.252553191489362,0.0
shankar_palashi,none,0.0,202,10633,6.545659738549797,14.614878209348255,10.947051631712593,10.362134831460674,6.545659738549797,14.614878209348255,10.947051631712593,10.362134831460674,0.0
shankar_palashi,none,0.0,203,10346,7.809781558090083,16.953411946646046,12.932534312777886,8.000654548353664,7.809781558090083,16.953411946646046,12.932534312777886,8.000654548353664,0.0
shankar_palashi,none,0.0,204,11541,9.392600294601854,17.97937787020189,10.215752534442423,8.544545454545455,9.392600294601854,17.97937787020189,10.215752534442423,8.544545454545455,0.0
shankar_palashi,none,0.0,205,12708,8.136606861819326,18.421466792571607,13.298709474346868,7.770249641662685,8.136606861819326,18.421466792571607,13.298709474346868,7.770249641662685,0.0
shankar_palashi,PD,2.0,201,10415,2.890062409985598,6.519443110897743,5.444071051368219,15.608275862068963,5.664906385021603,13.029284685549689,9.159865578492559,11.234285714285704,8.232999185404399
shankar_palashi,PD,2.0,202,10838,4.714892046503045,12.769883742387893,9.835763055914375,12.635289855072472,8.248754382727439,19.588484960324784,13.581841668204467,9.151441753502041,5.971047923083825
shankar_palashi,PD,2.0,203,11060,4.466546112115733,9.014466546112116,8.092224231464739,16.59727272727273,7.477396021699819,14.358047016274863,11.365280289330922,12.474998249504027,6.088918369840833
shankar_palashi,PD,2.0,204,12869,5.346180744424586,11.733623436164427,8.633149428860051,14.963129770992367,9.215945294894707,18.618385266920505,13.070168622270572,11.21305882352941,6.93155929841669
shankar_palashi,PD,2.0,205,11303,4.57400690082279,9.263027514819075,8.546403609661152,13.09265625,7.405113686631867,16.296558435813502,12.359550561797752,9.558275862068964,8.0830598133671
shankar_palashi,PD,3.0,201,13816,3.63346844238564,6.789229878401853,4.632310364794441,18.210217889360887,7.549218297625941,12.753329473074695,9.445570353213666,12.595917270531404,9.15243212406948
shankar_palashi,PD,3.0,202,11936,5.0184316353887395,9.986595174262733,6.099195710455764,10.60212868813918,9.207439678284182,18.758378016085793,11.226541554959786,6.8249803921568635,9.358175367135003
shankar_palashi,PD,3.0,203,9951,5.476836498844338,8.48155964224701,8.823233845844639,15.49391666666667,9.345794392523365,15.38538840317556,14.169430208019296,10.447420560747663,11.092780534188034
shankar_palashi,PD,3.0,204,12073,4.207736271017974,9.169220574836412,6.676054004804108,15.4344578313253,9.044976393605566,16.582456721610207,12.209061542284436,9.575833333333334,8.7160277727095
shankar_palashi,PD,3.0,205,12828,5.129404427814157,9.658559401309635,6.626130339881509,16.10299033816425,9.49485500467727,16.588712192079825,10.812285625194887,10.791641069887834,8.346507620314148
shankar_palashi,PD,4.0,201,10896,5.7911160058737154,9.012481644640236,7.745961820851689,16.959,11.637298091042585,17.850587371512482,14.252936857562409,10.26625670417499,11.289080249376557
shankar_palashi,PD,4.0,202,12677,4.9854066419499885,9.110988404196577,6.215981699140175,18.203255813953486,9.884041965764771,15.23231048355289,10.791196655360102,11.850857142857146,9.292043896549389
shankar_palashi,PD,4.0,203,10006,5.536677993204077,10.203877673395963,6.685988406955827,13.222359550561796,12.88227063761743,19.90805516689986,13.73176094343394,8.021822127103025,11.915672571082496
shankar_palashi,PD,4.0,204,12424,4.354475209272376,8.612363168061817,6.326464906632324,14.37096590909091,9.9243399871217,16.943013522215068,12.065357372826787,8.793523724080673,11.103247032794139
shankar_palashi,PD,4.0,205,9183,3.7242731133616465,8.722639660241752,5.096373734073832,19.881818181818183,8.896874659697266,15.909833387781772,10.824349341173908,12.748367346938775,11.795083526461157
straight_line,none,0.0,201,7441,14.89047171079156,28.974600188146756,13.47937105227792,4.04719298245614,14.89047171079156,28.974600188146756,13.47937105227792,4.04719298245614,0.0
straight_line,none,0.0,202,8740,10.961098398169336,23.958810068649885,14.324942791762012,4.520773463538271,10.961098398169336,23.958810068649885,14.324942791762012,4.520773463538271,0.0
straight_line,none,0.0,203,8085,10.315398886827458,21.855287569573285,11.144094001236859,5.298468468468468,10.315398886827458,21.855287569573285,11.144094001236859,5.298468468468468,0.0
straight_line,none,0.0,204,9532,14.194292908099035,28.535459504825848,18.873268988669743,4.169903540369632,14.194292908099035,28.535459504825848,18.873268988669743,4.169903540369632,0.0
straight_line,none,0.0,205,10733,10.975496133420293,24.979036616043977,13.02524923134259,4.408609271523178,10.975496133420293,24.979036616043977,13.02524923134259,4.408609271523178,0.0
straight_line,PD,2.0,201,4918,10.390402602684018,21.45180967873119,9.800732004880032,6.399376077586206,18.178121187474584,32.187881252541686,15.49410329402196,3.7642792501616036,4.198876089181612
straight_line,PD,2.0,202,11730,9.769820971867007,18.26086956521739,8.132992327365729,6.042247254962412,19.428815004262574,33.7766410912191,15.583972719522594,3.367197132616488,5.5851082929992355
straight_line,PD,2.0,203,5803,8.202653799758746,19.662243667068758,4.101326899879373,5.554685534591196,13.785972772703776,33.32758917801137,6.565569533000172,3.4010101010101,2.501056489073643
straight_line,PD,2.0,204,7926,11.56951804188746,21.524097905627052,10.459248044410801,5.400612462208363,21.47363108755993,36.689376734796866,17.789553368660105,3.117808621078763,3.976234643790112
straight_line,PD,2.0,205,12385,8.736374646750102,17.924909164311668,6.612838110617683,5.162,16.560355268469923,35.39765845781187,10.981025433992734,2.9120000000000004,3.073747427894113
straight_line,PD,3.0,201,9317,10.217881292261458,16.57185789417194,11.1838574648492,8.488655256723717,19.3731887946764,30.009659761725878,18.707738542449288,4.301111111111111,9.622238072650488
straight_line,PD,3.0,202,5914,10.111599594183295,19.56374704091985,7.896516739939127,5.478258971188059,18.295569834291513,36.76022996280013,14.119039567128846,3.0875259184336956,7.485958107056718
straight_line,PD,3.0,203,11703,7.53652909510382,15.66265060240964,7.690335811330429,6.880695187165775,17.81594462958216,33.05135435358455,14.41510723746048,3.4303167420814473,7.623068100435636
straight_line,PD,3.0,204,10857,8.777747075619416,18.789720917380492,6.871143041355807,5.856530612244898,19.535783365570598,35.42415031776734,15.142304504006631,3.191908831908832,5.478554824515726
straight_line,PD,3.0,205,6505,8.670253651037662,17.524980784012296,8.716372021521906,6.352922535211269,19.185242121445043,33.97386625672559,17.7401998462721,3.406911764705882,7.558260351655314
straight_line,PD,4.0,201,12948,9.599938214396046,15.817114612295335,10.055607043558851,7.926832151300237,21.902996601791784,33.76583256101328,19.956750077232005,3.3968442248322726,9.025543368687591
straight_line,PD,4.0,202,8722,12.004127493694106,20.476954826874568,12.04998853473974,6.129504504504504,25.418481999541388,38.16785141022701,23.950928686081173,3.111369863013698,8.874361685442459
straight_line,PD,4.0,203,7863,9.856288948238586,19.585399974564417,7.465344016278774,5.734215938303342,22.230700750349737,41.40913137479333,15.566577642121327,2.514444444444445,8.47793232349929
straight_line,PD,4.0,204,7617,5.277668373375344,11.119863463305764,3.977944072469476,7.740769230769231,18.865695155573057,35.74898253905737,14.874622554811607,3.1264532019704436,15.664689310829818
straight_line,PD,4.0,205,9913,10.329869867850297,19.671138908503984,11.812771108645213,7.437791999999999,23.201856148491878,36.1343690103904,21.678603853525676,3.3914685314685307,10.689754403657739
