topo,ws,vol,delay,mae,loss,p,vl,base_speed,units_own,ttc_gap
shahbagh,0.5,0.25,1.0,4.524893881438579,2.0453556493599634,0.1228565307416374,2.6046664396054133,6.268145075642042,9.05043268122326,6.173945415935894
shahbagh,0.5,0.25,3.0,9.819566253866782,7.8168818512294855,4.936053521280798e-05,2.481106907375517,6.268145075642042,19.643226961091997,6.374493369895981
shahbagh,0.5,0.25,5.0,13.819486569548314,12.902294858124995,8.366723998167358e-09,2.2594705796099284,6.268145075642042,27.6665837755502,7.639599773469993
shahbagh,0.5,0.25,7.0,18.416109987896995,12.705398795400415,3.25968553864223e-08,2.251851263204022,6.268145075642042,36.86733462442173,8.507652726540362
shahbagh,0.5,0.5,1.0,5.062373329390858,3.3814345545496964,0.029444187962255914,2.9055632259546322,6.138405688293817,10.128224315964479,7.699937763950603
shahbagh,0.5,0.5,3.0,11.093562446178264,8.405559195267378,2.1201717408894155e-05,2.759225293033447,6.138405688293817,22.18933769391885,8.640336268997048
shahbagh,0.5,0.5,5.0,15.494595124592013,15.314693475701178,5.247100579028033e-09,2.483867920606911,6.138405688293817,31.017433182221406,10.731073548258172
shahbagh,0.5,0.5,7.0,19.754054160661155,18.269689310271662,8.440186621193208e-10,2.4139791179674024,6.138405688293817,39.54086198822661,12.024523696257617
shahbagh,0.5,1.0,1.0,5.394895114338716,6.628854601915485,8.485733510261568e-05,3.093750140112202,5.8710972804577155,10.791917450247487,9.456625274313694
shahbagh,0.5,1.0,3.0,11.214602625847318,12.868650571959009,7.610216284596719e-10,2.811877349145669,5.8710972804577155,22.434927052768767,11.49565115231414
shahbagh,0.5,1.0,5.0,15.380539367890957,19.831246536776405,2.937838058381266e-12,2.524927317841655,5.8710972804577155,30.783887417198777,14.06804837123432
shahbagh,0.5,1.0,7.0,19.48404372834695,23.67961867304778,1.5155747918532844e-15,2.426657380660844,5.8710972804577155,38.99289315946187,16.933610639264447
shahbagh,0.5,2.0,1.0,5.15031929749645,7.614729466604109,1.2087307921086967e-07,2.9746542620964562,5.250025107247755,10.309658159833852,11.111773550533888
shahbagh,0.5,2.0,3.0,10.40551647698857,17.496937958665367,6.878761548764617e-14,2.6568247288928797,5.250025107247755,20.816347655713553,14.706174342239835
shahbagh,0.5,2.0,5.0,14.385128806712654,26.061092472611794,1.478055406178046e-14,2.4051282133175453,5.250025107247755,28.786508265874737,18.4397843296233
shahbagh,0.5,2.0,7.0,18.146092135696218,28.460386233269077,3.358560277774765e-17,2.3121603304831204,5.250025107247755,36.30894906750721,20.975290820006553
shahbagh,0.5,3.0,1.0,4.779501246600001,9.547953366146821,7.054251870844724e-09,2.7846802000000004,4.6820634106587535,9.567268,11.847660564317819
shahbagh,0.5,3.0,3.0,9.707056763275,18.36840159718918,1.4434140543702405e-11,2.5209495074999997,4.6820634106587535,19.418537750000002,16.57400723364909
shahbagh,0.5,3.0,5.0,13.29565215845,26.463793654738033,1.7039314802172087e-13,2.27282827,4.6820634106587535,26.603080249999998,20.53154288378459
shahbagh,0.5,3.0,7.0,16.48596572205,31.948348657901338,7.379563599647405e-20,2.148673485,4.6820634106587535,32.9847475,23.74377268894929
shahbagh,1.0,0.25,1.0,4.4883063637558696,3.8310033659754383,0.0003423969576629598,2.611180651813407,6.472633224718035,4.474276981688446,4.583212227649841
shahbagh,1.0,0.25,3.0,9.784607935530556,7.901705932933427,2.1624164062240648e-07,2.4570911634466475,6.472633224718035,9.779160818120884,5.168037296991359
shahbagh,1.0,0.25,5.0,14.186366537849182,11.694883428659175,4.476940381564806e-08,2.289551823871151,6.472633224718035,14.158030234731754,6.57116977628735
shahbagh,1.0,0.25,7.0,18.162955704143737,14.467157873263062,5.2607237795405595e-11,2.2180350245822926,6.472633224718035,18.16997367469925,7.2780511934910805
shahbagh,1.0,0.5,1.0,4.915126934163678,5.767030480506639,0.0002272998908498895,2.833597025164466,6.221880976771767,4.90290996849765,5.539348550295607
shahbagh,1.0,0.5,3.0,10.496787273882521,9.64040789446389,7.642880332073011e-07,2.617454498076759,6.221880976771767,10.490973730135254,6.850374319890612
shahbagh,1.0,0.5,5.0,14.751939377909176,17.498481902731903,2.348698307421303e-10,2.3942488501598715,6.221880976771767,14.72059406089428,8.893825729328261
shahbagh,1.0,0.5,7.0,19.081798887838403,19.145208958503904,3.761565686352898e-11,2.339854173468634,6.221880976771767,19.086340114085548,10.413172148185804
shahbagh,1.0,1.0,1.0,5.218543058801965,5.8220553159029045,0.000206170175377158,3.0223713138329353,5.878653579975981,5.199145409670701,7.183728216468527
shahbagh,1.0,1.0,3.0,10.749170792630242,13.388364613526667,3.1676052760081874e-08,2.70194985062386,5.878653579975981,10.742853482911713,9.521018990173967
shahbagh,1.0,1.0,5.0,14.629142152044064,20.890258165193814,3.9593788532344904e-12,2.403091001781684,5.878653579975981,14.600952023781662,12.035631908738218
shahbagh,1.0,1.0,7.0,18.659719473936455,24.21783037819849,3.3712821493889683e-13,2.344669428210156,5.878653579975981,18.656482780241852,13.697143564219433
shahbagh,1.0,2.0,1.0,4.9311213951205835,8.896279472247944,1.744043571076401e-07,2.8794543049373345,5.226254855622005,4.902897988188864,8.576538891447036
shahbagh,1.0,2.0,3.0,9.96793950885873,18.420147725855635,7.799577509192885e-12,2.569980061961961,5.226254855622005,9.958529381184045,12.331264463086017
shahbagh,1.0,2.0,5.0,13.547316392371858,26.80807417232456,3.6485401077125076e-15,2.2758329825420835,5.226254855622005,13.52726315207595,15.633670189602364
shahbagh,1.0,2.0,7.0,17.395985302285833,29.492207917548086,6.0288415660280935e-16,2.227563498808271,5.226254855622005,17.390823746643214,17.644340469804025
shahbagh,1.0,3.0,1.0,4.723984154330655,10.60065910632174,2.3002974496843496e-09,2.77009971298001,4.7708788053742115,4.69252865241724,9.134116045647014
shahbagh,1.0,3.0,3.0,9.450804699080166,20.285148272462436,2.319953114444572e-12,2.452007208814346,4.7708788053742115,9.441556266560209,14.171743867312497
shahbagh,1.0,3.0,5.0,12.853302251195384,28.170488200835226,3.396441968372271e-16,2.187311978821606,4.7708788053742115,12.834086032290234,17.341053459481877
shahbagh,1.0,3.0,7.0,16.355787117128845,30.120344358102802,1.4188660543719521e-16,2.1309991957543892,4.7708788053742115,16.349218171118135,19.652753335432315
shahbagh,1.75,0.25,1.0,4.628494986535238,5.136528956210705,0.01671728210662926,2.7407444332954123,6.138486889211907,2.6539936993746442,2.9684087054747064
shahbagh,1.75,0.25,3.0,10.200630651870004,8.511252533086125,0.0003258288604700847,2.5789894213197537,6.138486889211907,5.834708733800772,4.4791683680985965
shahbagh,1.75,0.25,5.0,15.026581866269499,15.383760683808623,1.9525630788035382e-08,2.4310868042346234,6.138486889211907,8.62635940575145,6.439533095560238
shahbagh,1.75,0.25,7.0,19.240183321933763,16.697932497885347,4.328200015300403e-09,2.382680413672739,6.138486889211907,11.052134396922959,7.2618303642327815
shahbagh,1.75,0.5,1.0,5.1358820398033584,7.1812028304609585,6.349084805685992e-07,3.0598071706114367,5.902260076375635,2.9485532550905704,3.864389040726087
shahbagh,1.75,0.5,3.0,11.437795348472777,11.023095229213867,2.8764236125241988e-08,2.9020860820956567,5.902260076375635,6.538606025829479,6.123091651161125
shahbagh,1.75,0.5,5.0,15.975171177304023,17.917613972285565,1.4894381122982276e-10,2.592117620482872,5.902260076375635,9.168279370729632,7.758056951788689
shahbagh,1.75,0.5,7.0,20.327859303933117,22.406867292129796,2.61297218349119e-10,2.5473325467070147,5.902260076375635,11.666265973230702,10.100308486252827
shahbagh,1.75,1.0,1.0,5.246731183678963,8.410303005725343,1.0817388281471152e-09,3.129913214155818,5.488844534783238,3.0204424771620704,5.132976165092866
shahbagh,1.75,1.0,3.0,11.13903538852447,18.73048596534593,1.1182108975387855e-12,2.86228638061926,5.488844534783238,6.370645017332272,8.505455555046828
shahbagh,1.75,1.0,5.0,15.504633652024555,25.979787720794032,3.270436228896675e-15,2.5722027826220706,5.488844534783238,8.90094069261529,11.216970554728876
shahbagh,1.75,1.0,7.0,19.246658043011614,30.86105935904157,7.078278085161723e-13,2.4856963595489985,5.488844534783238,11.040934915042374,13.78654127154319
shahbagh,1.75,2.0,1.0,4.976356970487544,12.083587832701355,2.0533353762359574e-06,3.0109576728430767,4.696468934439397,2.8739736290351936,6.637555840754768
shahbagh,1.75,2.0,3.0,10.018136168139716,24.544022010713622,2.507157785740966e-09,2.640807400410942,4.696468934439397,5.728866999302509,11.227655394582671
shahbagh,1.75,2.0,5.0,13.872287640975747,34.41769533794529,3.9757866452824655e-11,2.3859882271149604,4.696468934439397,7.9614987611827575,14.90091313335484
shahbagh,1.75,2.0,7.0,17.397651460701745,38.335255552611336,8.395983169325027e-11,2.2761836897550243,4.696468934439397,9.979133993101478,17.456465589975988
shahbagh,1.75,3.0,1.0,4.566127788979348,15.66402695205461,2.209660317534607e-08,2.7760634010038285,4.232870436507451,2.6432605101095934,7.428878992875449
shahbagh,1.75,3.0,3.0,9.18476726980093,27.782178326650964,3.388080654226476e-11,2.449028749001916,4.232870436507451,5.250822190440372,13.081296670937393
shahbagh,1.75,3.0,5.0,13.184071849330882,34.74717993217904,2.3862025247482463e-11,2.29042685969715,4.232870436507451,7.567762568039903,16.6763234043936
shahbagh,1.75,3.0,7.0,16.670602140367997,37.75212065227236,6.225412035455631e-14,2.207762554834268,4.232870436507451,9.55513373921389,19.21693048100212
shahbagh,3.5,0.05,1.0,3.5435125605191224,8.640251790561855,0.000973721164542517,2.349634938332592,4.3822259086161015,1.0202469001972807,4.124182561436098
shahbagh,3.5,0.05,3.0,7.48725351586198,16.34078687647107,5.2280724283297486e-06,2.1180519409028213,4.3822259086161015,2.147476700122033,7.038251906011748
shahbagh,3.5,0.05,5.0,10.963148076819024,24.737313549028904,5.416187373938466e-08,2.0147702362584368,4.3822259086161015,3.1447055188225894,9.91043351048325
shahbagh,3.5,0.05,7.0,14.296119510978158,25.594749230133367,1.5239598393263717e-10,2.014254728355755,4.3822259086161015,4.125886314417727,12.04066676130689
shahbagh,3.5,0.1,1.0,3.6525003920313175,4.845528759708051,0.06316150334562845,2.3858885503120115,4.136102964223767,1.0549695438631783,4.6549208055357765
shahbagh,3.5,0.1,3.0,7.596451093604631,15.553400554038864,1.3985409092078229e-05,2.16816302415687,4.136102964223767,2.1793426464012366,7.993139824807096
shahbagh,3.5,0.1,5.0,10.484256937276612,24.893409670618066,6.778349645450605e-09,1.9826415015594663,4.136102964223767,3.010513386201674,10.882453259624862
shahbagh,3.5,0.1,7.0,13.622880253589935,26.0153750745821,1.429611525782703e-09,1.9147089028284867,4.136102964223767,3.923934433937157,13.361039358422172
shahbagh,3.5,0.25,1.0,3.57870001963341,13.682040165817856,1.4687417717068236e-05,2.3565412215973955,3.996364094268871,1.037171067663564,5.324001716474941
shahbagh,3.5,0.25,3.0,7.537627630885373,20.244810798700616,5.996275248580245e-08,2.1457361550223606,3.996364094268871,2.165606935497739,9.142501348790063
shahbagh,3.5,0.25,5.0,10.634344404611257,29.128240680485174,7.084980599346397e-11,1.9885388694330246,3.996364094268871,3.0544904884427395,12.091838647757584
shahbagh,3.5,0.25,7.0,13.203941385763306,31.902482259698523,2.389483146362489e-11,1.8693772717286152,3.996364094268871,3.8055089026378957,14.942635077566816
shahbagh,3.5,0.5,1.0,3.545821637599893,10.612872387771844,0.00017700894240856862,2.332351155962045,3.491021429147157,1.030108805866682,6.015859006267387
shahbagh,3.5,0.5,3.0,7.303925380358552,22.0798040111355,1.4680823008713554e-09,2.0919855929766067,3.491021429147157,2.1002328193312385,10.668561497781617
shahbagh,3.5,0.5,5.0,10.222756897837385,29.06643409723505,9.509360445965619e-11,1.9244630084621845,3.491021429147157,2.93465107609134,13.770292429016795
shahbagh,3.5,0.5,7.0,12.640242562137818,32.48826131886838,7.050610813675423e-11,1.7898506782792083,3.491021429147157,3.6416514691562467,17.019877718863857
shahbagh,3.5,1.0,1.0,3.4328707879747546,10.706895984038262,5.709013862092889e-05,2.232842263533497,3.0322630170385008,1.003241686047025,7.014175668352624
shahbagh,3.5,1.0,3.0,6.895176078739884,21.717902530529248,5.035441988202032e-09,1.993521669870752,3.0322630170385008,1.9814256645286026,12.510701801253301
shahbagh,3.5,1.0,5.0,9.67582808012936,29.189096136898645,1.8487444553732368e-09,1.821668403243051,3.0322630170385008,2.777133303825461,16.454584127306394
shahbagh,3.5,1.0,7.0,12.505169726162018,31.423495596193664,3.4108735914275744e-11,1.7951744621672812,3.0322630170385008,3.6020940775490855,19.254183071117904
shahbagh,3.5,2.0,1.0,3.1476806917597386,14.03749865857017,5.403811092767441e-07,2.0458748202007655,2.5904591185545383,0.9222544763800634,8.0440403864137
shahbagh,3.5,2.0,3.0,6.394939089337842,21.340559297111728,7.588614155257596e-10,1.8208011920432305,2.5904591185545383,1.834671902597945,14.581892358840642
shahbagh,3.5,2.0,5.0,9.348478644678712,26.58615686852913,4.2487386219413404e-10,1.7336975992307793,2.5904591185545383,2.682049506248756,18.10331183272789
shahbagh,3.5,2.0,7.0,12.015600977250127,27.585073795751082,2.0996277269472174e-10,1.7153693254542006,2.5904591185545383,3.455016808382362,21.135891980167425
shankar_palashi,0.5,0.25,1.0,3.616255053778301,2.8852092657976,0.49208953752556495,2.7815786163330425,3.956461415764916,7.228916475873331,4.7681604544825245
shankar_palashi,0.5,0.25,3.0,8.737308529599243,7.547337564312631,0.07657651663418828,2.8553676701361708,3.956461415764916,17.476212515621267,5.763349775388173
shankar_palashi,0.5,0.25,5.0,12.146731219619175,13.052646401972254,0.009804913956715537,2.529019603622632,3.956461415764916,24.312161361174798,7.143984185206332
shankar_palashi,0.5,0.25,7.0,16.184876633070665,12.615626806946118,0.02673648589620759,2.4268709231112098,3.956461415764916,32.394279707494256,9.432710291696264
shankar_palashi,0.5,0.5,1.0,3.925949896019368,5.013106050109983,0.18677580365541088,2.960649638159724,3.9715198388560795,7.850746596111847,5.008871939281477
shankar_palashi,0.5,0.5,3.0,8.61931241286311,10.428599253343558,0.018775454214523413,2.8913467469367227,3.9715198388560795,17.242947144395746,5.595405466297788
shankar_palashi,0.5,0.5,5.0,11.597096636386977,15.618410887980847,0.00382925689344645,2.5580891506447956,3.9715198388560795,23.21214990603152,7.39594613836346
shankar_palashi,0.5,0.5,7.0,16.549423953044627,14.412042366716598,0.004291481664374817,2.588341531449308,3.9715198388560795,33.122978268705694,9.009969337137797
shankar_palashi,0.5,1.0,1.0,4.372890659305424,1.624897709830415,0.6431022677937394,3.3189424539237096,3.892433861186709,8.74548100577029,5.028350411455089
shankar_palashi,0.5,1.0,3.0,8.80291516901496,9.907368914124362,0.012060190701203184,3.0012545894849496,3.892433861186709,17.60620249958373,6.941006457537105
shankar_palashi,0.5,1.0,5.0,12.377159307413002,12.587547093382701,0.0057681919637295525,2.528838638452048,3.892433861186709,24.77304683756011,8.718597157063844
shankar_palashi,0.5,1.0,7.0,15.936233358939939,19.849697453661964,4.6871849903674225e-05,2.4149374824057643,3.892433861186709,31.91253310828042,9.267063770958085
shankar_palashi,0.5,2.0,1.0,4.53300604754657,6.31006036683259,0.06754554637745533,3.4168112492380054,3.980304850657651,9.063785153834882,5.725570107623568
shankar_palashi,0.5,2.0,3.0,10.304077945371208,9.054172753724266,0.048778648964847626,3.1877122971321397,3.980304850657651,20.60716344033845,7.853742936491866
shankar_palashi,0.5,2.0,5.0,12.680926785692824,17.730294255908376,4.590179723889876e-05,2.587739598169656,3.980304850657651,25.377596642998764,9.580809975939225
shankar_palashi,0.5,2.0,7.0,17.0905539112972,23.885137307758733,1.3991662406925147e-06,2.609988585144059,3.980304850657651,34.199553481802454,11.492508916859192
shankar_palashi,0.5,3.0,1.0,4.785259735404549,7.102805848361486,0.21616978096266276,3.4506394151704414,3.954509819588233,9.568904695008763,6.545693977730285
shankar_palashi,0.5,3.0,3.0,10.009692535313949,12.254457744023538,0.011497965578391145,3.2061809877344225,3.954509819588233,20.025024264262406,7.720011448118871
shankar_palashi,0.5,3.0,5.0,13.459787368227973,17.91625006604567,0.00034946308210731606,2.788682073199059,3.954509819588233,26.9407077679434,10.378965461616868
shankar_palashi,0.5,3.0,7.0,18.972607365714083,18.179957374891217,0.00020299750850658857,2.8468090857008295,3.954509819588233,37.97238000007404,12.584713318603816
shankar_palashi,1.0,0.25,1.0,3.12526227050795,2.985061766123712,0.6575277198064728,2.5268442197208216,3.7179939005695326,3.116080859823669,3.452641206714829
shankar_palashi,1.0,0.25,3.0,8.006214194344038,2.295297534940723,0.6833004070685589,2.787159735021174,3.7179939005695326,8.00330037864494,5.25157097466732
shankar_palashi,1.0,0.25,5.0,9.684431570438813,13.11757084071001,0.04301992560977914,2.185647846309609,3.7179939005695326,9.663503347985506,6.564158821216198
shankar_palashi,1.0,0.25,7.0,12.152952832073812,22.433322595401663,0.0019277715098225854,2.142767345983743,3.7179939005695326,12.152191647484354,7.81413398249126
shankar_palashi,1.0,0.5,1.0,3.220014764377994,14.044631488252136,0.015055166014643715,2.733640612818272,3.792414882636185,3.2126965435929598,3.320026368243925
shankar_palashi,1.0,0.5,3.0,7.828917736413354,9.231360450033895,0.03601381582041487,2.6924002708926436,3.792414882636185,7.8211391380391575,5.264394923684137
shankar_palashi,1.0,0.5,5.0,10.67244272787722,15.37477782959525,0.004132385243031944,2.428764876009742,3.792414882636185,10.653710503773503,6.108797370369645
shankar_palashi,1.0,0.5,7.0,14.352171222308556,17.46798789552734,0.0009612417182746939,2.4276108101752873,3.792414882636185,14.3525701558299,7.578597178183616
shankar_palashi,1.0,1.0,1.0,3.8657738869550267,-7.961361413884693,0.1832224423075229,3.1397720820095953,3.5330196615714113,3.851587985283937,3.707007694339831
shankar_palashi,1.0,1.0,3.0,7.763547366238539,8.651175141303659,0.05405906923817662,2.637348799024392,3.5330196615714113,7.756101911531627,5.6644794860083145
shankar_palashi,1.0,1.0,5.0,11.845128133609993,5.909411123234894,0.21893185009616956,2.6032169265074123,3.5330196615714113,11.832588208615638,7.333175567357583
shankar_palashi,1.0,1.0,7.0,15.591695706391798,8.846614698947551,0.05978516184805685,2.833206943127869,3.5330196615714113,15.595527498963241,8.551842811511325
shankar_palashi,1.0,2.0,1.0,3.802881789178039,6.798982186619277,0.1200505119227704,3.1189533676460703,3.559717516170403,3.7906732282576123,4.28750201636362
shankar_palashi,1.0,2.0,3.0,9.474191706695999,2.3506519220974216,0.4605225140352901,3.0714769098459347,3.559717516170403,9.46687692244855,6.405499747443173
shankar_palashi,1.0,2.0,5.0,11.81863594073706,15.53778931124297,0.0005770899439898962,2.6528133761016313,3.559717516170403,11.802473334490259,8.176977199944524
shankar_palashi,1.0,2.0,7.0,17.712666391299148,8.54788213080705,0.09900122141989391,2.6065524076268853,3.559717516170403,17.707230402014382,9.139033157039238
shankar_palashi,1.0,3.0,1.0,4.214164430744557,4.407670491547772,0.4118484498985956,3.290286158553832,3.646213366259315,4.200446617626904,4.68153127802709
shankar_palashi,1.0,3.0,3.0,8.287378568653912,10.948117507691004,0.04579640187891144,2.9234826731123342,3.646213366259315,8.279720535065355,6.688425495085587
shankar_palashi,1.0,3.0,5.0,12.620978579741715,18.423471286124222,0.0004033599536256848,2.8130797474868436,3.646213366259315,12.604611136615818,8.858880499226787
shankar_palashi,1.0,3.0,7.0,16.59937523052036,18.328730877709404,0.00026175432746086566,2.722468342283148,3.646213366259315,16.59893662186632,10.90984771459034
shankar_palashi,1.75,0.25,1.0,2.376260461702741,-5.361782722761378,0.3696034903299666,2.0784508388265923,2.2527270404854525,1.3473251972047655,3.2596919832661135
shankar_palashi,1.75,0.25,3.0,4.901055064293547,-0.5405644757254454,0.9220850195999308,1.971404979991244,2.2527270404854525,2.7917096534202717,5.396698323167376
shankar_palashi,1.75,0.25,5.0,7.1076645029698575,2.153487081003972,0.7035218868692238,1.9149302999634417,2.2527270404854525,4.067265178586531,7.727021641668416
shankar_palashi,1.75,0.25,7.0,11.122606825510424,-1.83086932089165,0.7664578461639574,2.0399578396975095,2.2527270404854525,6.3728235650120935,8.994499170644705
shankar_palashi,1.75,0.5,1.0,2.8749385551315982,-6.769850607630747,0.214289732843518,2.4547887807920117,2.3765278862154995,1.6391946701097055,3.6125768136792527
shankar_palashi,1.75,0.5,3.0,4.88699829615892,6.0231393990056805,0.1753219402399774,2.042623402228258,2.3765278862154995,2.7822142900433193,6.004079731025144
shankar_palashi,1.75,0.5,5.0,9.463879888430878,-2.7884392517883225,0.5890397004437106,2.221469897488786,2.3765278862154995,5.415143967038782,7.705845925591262
shankar_palashi,1.75,0.5,7.0,10.875743192560522,8.980158355139162,0.11933573925413528,2.017545064787538,2.3765278862154995,6.238049804885923,9.73512513960028
shankar_palashi,1.75,1.0,1.0,2.5315202947304702,10.804931076348407,0.0923465229216946,2.1822490357509507,2.5266670844515664,1.4419467970819562,4.101019443831292
shankar_palashi,1.75,1.0,3.0,5.9053579001005225,9.066907086631987,0.08783826329823205,2.4864331405528795,2.5266670844515664,3.367913567514433,6.58833617124539
shankar_palashi,1.75,1.0,5.0,10.063406131649078,14.864170881540488,0.0010339402445524995,2.393328973487079,2.5266670844515664,5.764536642640314,8.975207207297132
shankar_palashi,1.75,1.0,7.0,11.135266655356569,14.53897040204798,0.0018197210674627006,2.0990815105732317,2.5266670844515664,6.3941756219728125,9.395106696571178
shankar_palashi,1.75,2.0,1.0,2.9394062684437516,4.1308258748693465,0.5455417469196554,2.593470260413655,2.3820092315699406,1.6863531975027126,4.204548031045681
shankar_palashi,1.75,2.0,3.0,6.553559140537709,3.6086871584505413,0.5924156324521527,2.3096587208668384,2.3820092315699406,3.7355993942485366,7.2064179380410875
shankar_palashi,1.75,2.0,5.0,10.612270224252418,7.224228703043261,0.21493487349754958,2.5123650982714314,2.3820092315699406,6.080224822372075,9.085155597039469
shankar_palashi,1.75,2.0,7.0,11.662126498640685,16.600633702376516,0.03064025244736501,2.130317079937325,2.3820092315699406,6.693054848176855,11.392500114754084
shankar_palashi,1.75,3.0,1.0,3.619143761967667,1.1740820184140572,0.8141238431760611,2.7917534085550946,2.5563810637695092,2.075108511310133,4.33541990782111
shankar_palashi,1.75,3.0,3.0,7.120838614616001,11.971210923781982,0.013909556490818637,2.5094886910573106,2.5563810637695092,4.060947016441727,7.729930846444405
shankar_palashi,1.75,3.0,5.0,9.903293470879897,20.800168549227056,8.198361237694773e-05,2.316581230041012,2.5563810637695092,5.681081335774865,10.152902948893152
shankar_palashi,1.75,3.0,7.0,12.601065628383097,17.616090292190634,0.001287087512975092,2.1800712437603624,2.5563810637695092,7.24584281969033,12.133034480806034
straight_line,0.5,0.25,1.0,6.986194355885038,-17.33427727058151,0.29896130578465346,5.995390379705833,3.090137554272882,13.976817758874972,7.551360803997303
straight_line,0.5,0.25,3.0,9.974190071799494,19.08929234686905,0.21877237156866125,4.397923370764668,3.090137554272882,19.951907607702925,8.666420132665866
straight_line,0.5,0.25,5.0,15.282848319305254,11.816489019983198,0.43479155863702146,4.144212235511535,3.090137554272882,30.58310392547626,14.105689235739765
straight_line,0.5,0.25,7.0,16.524794658976745,30.036576154652614,0.04322725480326957,3.2697497751084192,3.090137554272882,33.078749196556274,15.923216117927222
straight_line,0.5,0.5,1.0,4.61521066846667,13.974818590380004,0.27624826946100617,4.106958348880566,2.7987157046848634,9.230560951843353,8.974042540525701
straight_line,0.5,0.5,3.0,9.64252375185313,15.018555073486567,0.24912758553168493,3.6843101412739436,2.7987157046848634,19.28491161397475,12.992005907232873
straight_line,0.5,0.5,5.0,12.504722356705177,27.258441935558924,0.04454036573834742,3.1888762761980276,2.7987157046848634,25.028434832741866,17.325067902092307
straight_line,0.5,0.5,7.0,15.007178744467785,36.16685597039432,0.009418406519476836,2.979631939689633,2.7987157046848634,30.048146070951248,19.173628737871095
straight_line,0.5,1.0,1.0,3.850092787125864,14.368939764235728,0.2931699047424955,3.1155415748215463,2.2027917112902378,7.7063344523903226,9.983866552452197
straight_line,0.5,1.0,3.0,7.443124026554953,21.822236893657383,0.08681860032262023,2.6872139918437066,2.2027917112902378,14.88449631128052,17.682986095747236
straight_line,0.5,1.0,5.0,9.08879317140899,42.21452504632192,0.003913627583764836,2.461629152052575,2.2027917112902378,18.188679904260255,19.7659542929012
straight_line,0.5,1.0,7.0,14.667360930891117,24.259116084072602,0.07730155773383303,2.6140963846236613,2.2027917112902378,29.352993715688996,25.45809067215285
straight_line,0.5,2.0,1.0,3.4201330794302316,8.921170772214264,0.49953498382299566,2.530867220067333,1.824198998990584,6.8456330747000935,11.35535314329951
straight_line,0.5,2.0,3.0,6.955400328348669,18.774736303934475,0.03180474776428909,2.600495877121312,1.824198998990584,13.910874014046888,19.869281896080473
straight_line,0.5,2.0,5.0,10.568676301842498,16.594925949406193,0.11658687086213634,2.471184432754807,1.824198998990584,21.140126462171303,26.03324674133518
straight_line,0.5,2.0,7.0,11.847535545469118,31.13290858962252,0.004315838546705645,2.3294477368462796,1.824198998990584,23.708232805909294,27.42779040475304
straight_line,0.5,3.0,1.0,3.003963773715005,10.596484758181402,0.320500688115825,2.1181940290759806,1.5349137680392944,6.014378076297942,13.198377572067754
straight_line,0.5,3.0,3.0,7.202641757390796,7.886608379484011,0.5374209358524655,2.604413916341771,1.5349137680392944,14.405288587717084,21.136150131219498
straight_line,0.5,3.0,5.0,11.521413416034797,3.2363699488539175,0.7871275023272688,2.885713121916342,1.5349137680392944,23.049352368586604,23.65196450062857
straight_line,0.5,3.0,7.0,15.370992683842445,0.7114598043930965,0.9597391401106246,2.8554593029411266,1.5349137680392944,30.748870377311853,26.198496399577742
straight_line,1.0,0.25,1.0,5.115737873296762,7.122704417519125,0.587842714053532,4.96026191125016,2.8461884680824587,5.090836719739551,5.993297245351445
straight_line,1.0,0.25,3.0,9.65180565407061,16.481536001666797,0.24467282049719577,4.176407559742517,2.8461884680824587,9.644111642388935,8.900769497890588
straight_line,1.0,0.25,5.0,15.583873431997887,8.011116496485117,0.540492642039347,4.374514190770499,2.8461884680824587,15.56906915335052,9.702628604972633
straight_line,1.0,0.25,7.0,18.240315337125786,22.102053949977435,0.0914730907752991,4.171622747217965,2.8461884680824587,18.25249774122451,12.20486462992457
straight_line,1.0,0.5,1.0,3.427774787356399,16.684463788507074,0.31890676858868416,3.2933594856651913,2.207824480452994,3.389792828030269,6.668234195259165
straight_line,1.0,0.5,3.0,8.527149539890251,10.497518341495228,0.5180055224475828,3.549611322812666,2.207824480452994,8.520470752706283,10.112886139976746
straight_line,1.0,0.5,5.0,12.791843181901712,8.9626601628045,0.5444959957857942,3.575760739429401,2.207824480452994,12.761730247504682,14.252925193752091
straight_line,1.0,0.5,7.0,15.084323594769312,16.755829821624044,0.2493905103892329,2.9273588917642126,2.207824480452994,15.080880533941633,18.962645380299538
straight_line,1.0,1.0,1.0,3.6704306860990563,17.223450001171177,0.24241676981858232,3.011836934671719,2.1571320567256436,3.6284224685470647,7.855715064955016
straight_line,1.0,1.0,3.0,7.649211885770937,22.78975516407232,0.1558113845539489,2.939091652376587,2.1571320567256436,7.6332064014473415,14.699217939744258
straight_line,1.0,1.0,5.0,11.164852706164947,23.69746141375376,0.1453155803295217,2.974668112457681,2.1571320567256436,11.140452979456242,19.460910995676713
straight_line,1.0,1.0,7.0,13.915441154490242,27.93001963241435,0.08355230394160408,2.598478302864061,2.1571320567256436,13.906662465823866,23.026798421707966
straight_line,1.0,2.0,1.0,3.250210473679579,10.476881638795767,0.5116699682653151,2.5164922824532727,1.8155404185692714,3.209234098356466,10.440161781458231
straight_line,1.0,2.0,3.0,6.920848390061741,16.71000927207538,0.2666696959847472,2.4337513629040854,1.8155404185692714,6.899964320458176,18.196544829051664
straight_line,1.0,2.0,5.0,11.067073304087135,13.195185182597173,0.3062025267655521,2.774155699230504,1.8155404185692714,11.039678169372761,22.477148044191402
straight_line,1.0,2.0,7.0,16.21846891754189,10.594420036836318,0.4535203571692344,2.984077723325446,1.8155404185692714,16.205952409145564,23.998735803556308
straight_line,1.0,3.0,1.0,3.6000686301240945,20.499017098973756,0.10100180758386346,2.6334284838831827,1.9837292575568537,3.5601386922929423,10.678163423412249
straight_line,1.0,3.0,3.0,9.350845702672391,8.500009228578339,0.5124384091756876,3.350271750142613,1.9837292575568537,9.333746002378662,17.578236175653664
straight_line,1.0,3.0,5.0,13.019778154288755,15.286504790926688,0.3046158949368597,3.1410200120695904,1.9837292575568537,13.002087621053906,22.104224695700044
straight_line,1.0,3.0,7.0,15.035341832441535,28.848979619211338,0.027683549727987627,2.9764426558159345,1.9837292575568537,15.021253515779174,26.682631974775262
straight_line,1.75,0.25,1.0,1.971136247753671,24.75817590860483,0.08573320098028404,2.3628975302374533,1.2776377914908559,1.1595702436884945,6.523512271898832
straight_line,1.75,0.25,3.0,4.404706449101231,24.522175682204168,0.06464181206693846,2.4951022960517806,1.2776377914908559,2.5100556770875384,9.678411497657674
straight_line,1.75,0.25,5.0,5.563449573151869,34.756784867082274,0.013895611288388,2.019794834330092,1.2776377914908559,3.193618775012203,15.635627616727021
straight_line,1.75,0.25,7.0,7.7934164278137015,33.437609251976276,0.02156426973864301,2.115968915052556,1.2776377914908559,4.4879229942765395,17.78359887457755
straight_line,1.75,0.5,1.0,2.1309514037149944,7.2501240800629345,0.5574174818954455,1.945774352348965,1.0936421767690296,1.2480786098637453,7.929921383948154
straight_line,1.75,0.5,3.0,3.1340674408232325,35.1332957731821,0.009677459768182836,1.217450892560849,1.0936421767690296,1.7791624332784735,15.317721731989867
straight_line,1.75,0.5,5.0,5.809763925863971,25.84740408219248,0.03234100980283302,1.7223593408591484,1.0936421767690296,3.33987185075702,20.508561065308157
straight_line,1.75,0.5,7.0,7.530793153020548,29.07905061680705,0.017231982191324977,1.8000461819652176,1.0936421767690296,4.323587889429977,21.996664499741282
straight_line,1.75,1.0,1.0,1.8194279015907024,21.21111264415035,0.1207757640417907,1.4854690996012931,1.0057364299731562,1.069445762443089,9.701153635404335
straight_line,1.75,1.0,3.0,3.4578981453540387,25.55742260568113,0.041734811007245236,1.3169873835476527,1.0057364299731562,1.9588051555099752,18.45497489058666
straight_line,1.75,1.0,5.0,5.565271518882717,24.599528356434234,0.04018969298057741,1.4310181215220354,1.0057364299731562,3.1924161302338208,22.733821808913305
straight_line,1.75,1.0,7.0,7.092653308932287,31.141452488717636,0.010680221266831278,1.4325334669972718,1.0057364299731562,4.077225187297093,26.31582822652474
straight_line,1.75,2.0,1.0,2.0150459357248303,11.337387543030987,0.39199355929606655,1.4726845406856157,0.9912398437392111,1.191153681732486,10.930600567109982
straight_line,1.75,2.0,3.0,4.00068717977541,20.45762005818925,0.1597531664834573,1.6269030633505834,0.9912398437392111,2.2856598012686957,18.656674608362273
straight_line,1.75,2.0,5.0,5.838857248142974,22.085980917928357,0.036667443776961725,1.4547190294039196,0.9912398437392111,3.3544996294060603,24.583828640227427
straight_line,1.75,2.0,7.0,7.347616051294166,26.663671023562387,0.021275501276690992,1.5719815803608679,0.9912398437392111,4.2243484790478405,26.296159988785533
straight_line,1.75,3.0,1.0,1.8569756065630127,1.3428075263797485,0.9213642138755214,1.2829993488516371,0.8285158078765796,1.0990660848803808,11.433717046404013
straight_line,1.75,3.0,3.0,3.7607422996052042,12.239372127410693,0.38270761764671285,1.274612407057563,0.8285158078765796,2.1440859918657305,19.810841225671446
straight_line,1.75,3.0,5.0,5.579785334021299,14.373082879330095,0.31589708819744866,1.333873133658444,0.8285158078765796,3.201205985839045,24.575871261794717
straight_line,1.75,3.0,7.0,7.1655339922847405,18.421152003383575,0.20428258888805775,1.519224862139094,0.8285158078765796,4.109195795989939,25.987458620878357
straight_line,3.5,0.05,1.0,1.278587458912868,23.53136937013722,0.07950174325666075,2.438821647649182,0.7978899762114943,0.3667542050119596,6.217786563231583
straight_line,3.5,0.05,3.0,2.306226072189526,22.469894859301938,0.10168998764378434,2.291484087607583,0.7978899762114943,0.6615535077338356,8.142832842332357
straight_line,3.5,0.05,5.0,3.835738114614508,25.456212552500485,0.05047609339772931,2.7317788496928266,0.7978899762114943,1.0894652674782703,11.149117580313968
straight_line,3.5,0.05,7.0,6.158031311378581,19.766723345633714,0.15306898881810918,2.323355942610495,0.7978899762114943,1.774642481137364,15.361660321725223
straight_line,3.5,0.1,1.0,1.63308709651775,-10.446895318355468,0.42492774589620524,1.7712626681851666,0.7214691778442657,0.5059421108137611,6.466063866071789
straight_line,3.5,0.1,3.0,3.418481033627228,4.256995016671306,0.7905851708396188,1.9129954572482561,0.7214691778442657,1.0238378931347518,8.406612025757248
straight_line,3.5,0.1,5.0,3.607456651124289,26.75985276572537,0.0856637413228872,1.7292890656506894,0.7214691778442657,1.0407386743177325,12.015208880481332
straight_line,3.5,0.1,7.0,3.279998675478763,45.75477867813047,0.004025229025937371,2.1393467507528077,0.7214691778442657,0.9356638255672254,17.284471068864313
straight_line,3.5,0.25,1.0,1.6386355196733269,-44.463735626877664,0.01222319309048797,1.301611689770264,0.528465707180978,0.5393136986383911,9.431586801409289
straight_line,3.5,0.25,3.0,2.933272791535655,-13.917724829638276,0.5088241670932515,1.3492178933138628,0.528465707180978,0.8741437068465888,15.211553408672545
straight_line,3.5,0.25,5.0,4.107683455170148,-1.2898919671561833,0.9360959241276824,1.5062449207996105,0.528465707180978,1.1782162767436763,18.894624276315795
straight_line,3.5,0.25,7.0,4.229612544896975,17.443704722252054,0.25256871989957735,1.383229522121503,0.528465707180978,1.2180863098713943,21.702000677063428
straight_line,3.5,0.5,1.0,1.4813825079640148,-10.958185692628815,0.6344076196908494,1.1119144835702117,0.5332623065688007,0.4918190543842177,10.134463630720703
straight_line,3.5,0.5,3.0,2.2842352525117975,7.799664043797863,0.7101520260863528,0.8534304587431125,0.5332623065688007,0.6659021354175195,18.79805951576266
straight_line,3.5,0.5,5.0,3.7739218732636735,8.862730851246415,0.6505854051369879,1.0784481274553843,0.5332623065688007,1.0774481959646178,21.78081335877905
straight_line,3.5,0.5,7.0,5.112700225407839,2.0022267026028673,0.9245376752996083,1.2726956944423518,0.5332623065688007,1.473193415167799,26.090412140209366
straight_line,3.5,1.0,1.0,1.4230183472980256,3.1341232012101212,0.855069359658863,0.9793463495737157,0.6238853856337399,0.4651964511583041,11.75689617835742
straight_line,3.5,1.0,3.0,2.0846552878173665,28.602856620231,0.09195400231549158,1.0669390927476983,0.6238853856337399,0.6044544655896844,19.675204265423638
straight_line,3.5,1.0,5.0,3.3983167676608717,24.95126908814291,0.08386843092233393,1.0042446206086417,0.6238853856337399,0.966063339869419,23.649955624033282
straight_line,3.5,1.0,7.0,4.03927093129656,35.66191750838568,0.016558930721892913,0.9804049622490284,0.6238853856337399,1.1775505181077266,27.197305547441896
straight_line,3.5,2.0,1.0,1.1918812744196159,8.402650724457507,0.6550209789747534,0.7832149957210925,0.5148631887930946,0.39727671975448975,12.071642386318123
straight_line,3.5,2.0,3.0,2.076108752498636,23.2248198388239,0.16800416040147714,0.9189803726375703,0.5148631887930946,0.5928633201482789,23.635708251433897
straight_line,3.5,2.0,5.0,3.123554542685778,26.101743366202953,0.12173416469632335,0.9888085348673901,0.5148631887930946,0.8831107434016372,25.41672726725226
straight_line,3.5,2.0,7.0,3.701125469695068,21.658534127939504,0.21445080202056638,0.9367208045582741,0.5148631887930946,1.0587377044506032,25.364912859531085
