block,attack,delay,vol,mix,seed,mae,mean_lead,negfrac_mov,n
S1,none,0.0,1.0,balanced,7,0.0,5.114066404855409,0.0,2801
S1,none,0.0,1.0,balanced,11,0.0,5.374449954914336,0.0,2218
S1,none,0.0,1.0,balanced,13,0.0,5.0774170516589665,0.0,2381
S1,none,0.0,1.0,balanced,17,0.0,4.3584370860927155,0.0,2265
S1,none,0.0,1.0,balanced,19,0.0,5.093814393939394,0.0,2640
S1,none,0.0,1.0,balanced,23,0.0,5.16396217712177,0.0,2168
S1,none,0.0,1.0,balanced,29,0.0,4.635008431703204,0.0,2372
S1,none,0.0,1.0,balanced,31,0.0,5.230915208613728,0.0,2229
S1,none,0.0,1.0,balanced,37,0.0,4.855587734241907,0.0,2348
S1,none,0.0,1.0,balanced,41,0.0,4.902228454869965,0.0,1961
S1,pd,1.0,1.0,balanced,7,3.769410007251632,4.9837164612037705,0.9872480460715755,2758
S1,pd,1.0,1.0,balanced,11,3.7183770740410345,5.326115075825156,0.9922965816080885,2242
S1,pd,1.0,1.0,balanced,13,3.825032690622262,5.020495179666959,0.9888381532217149,2282
S1,pd,1.0,1.0,balanced,17,3.226443186765346,4.293304309969526,0.9772475027746947,2297
S1,pd,1.0,1.0,balanced,19,3.812778694817658,5.084548944337812,0.9863698318945934,2605
S1,pd,1.0,1.0,balanced,23,3.7566142589995324,5.1938569424964935,0.9812792511700468,2139
S1,pd,1.0,1.0,balanced,29,3.592877158655891,4.807443641003829,0.9826862539349422,2351
S1,pd,1.0,1.0,balanced,31,3.766532795202952,5.21645295202952,0.9894459102902374,2168
S1,pd,1.0,1.0,balanced,37,3.7075795180722895,4.827870051635112,0.9844236760124611,2324
S1,pd,1.0,1.0,balanced,41,3.6886318749999996,4.861411458333333,0.9838809671419715,1920
S1,pd,2.0,1.0,balanced,7,8.460938803418804,4.924786324786325,0.992786636294609,2925
S1,pd,2.0,1.0,balanced,11,8.760946413137425,5.202683664649956,0.9962825278810409,2314
S1,pd,2.0,1.0,balanced,13,8.280390395010397,4.7823617463617465,0.9918621349928195,2405
S1,pd,2.0,1.0,balanced,17,7.26669009166303,4.16977738978612,0.9865470852017937,2291
S1,pd,2.0,1.0,balanced,19,8.34896529116853,4.797635942923255,0.9911996294580825,2593
S1,pd,2.0,1.0,balanced,23,8.531215529411764,5.026828235294118,0.9968766267568975,2125
S1,pd,2.0,1.0,balanced,29,8.37618153580673,4.814210526315789,0.9915209326974033,2318
S1,pd,2.0,1.0,balanced,31,8.76360197647059,5.078555294117647,0.9923913043478261,2125
S1,pd,2.0,1.0,balanced,37,8.616414748508099,4.958759590792839,0.9955489614243324,2346
S1,pd,2.0,1.0,balanced,41,8.220836797613126,4.741949278965689,0.9936009307737056,2011
S1,pd,3.0,1.0,balanced,7,13.071874375422013,4.860847400405132,0.9924981245311327,2962
S1,pd,3.0,1.0,balanced,11,13.346382268226822,5.007385238523852,0.9956076134699854,2222
S1,pd,3.0,1.0,balanced,13,12.622796522832008,4.672614160033515,0.9937046004842615,2387
S1,pd,3.0,1.0,balanced,17,11.333119495412843,4.143481651376146,0.9875518672199171,2180
S1,pd,3.0,1.0,balanced,19,12.896755340622372,4.6797645079899075,0.9928534966819806,2378
S1,pd,3.0,1.0,balanced,23,13.35643835897436,5.017076923076924,0.9966573816155989,1950
S1,pd,3.0,1.0,balanced,29,13.002013728129207,4.755082996859579,0.9938956714761377,2229
S1,pd,3.0,1.0,balanced,31,13.441940934320074,4.949754856614247,0.993048128342246,2162
S1,pd,3.0,1.0,balanced,37,13.424365448060632,4.911983950066874,0.9942738157209786,2243
S1,pd,3.0,1.0,balanced,41,12.905063039014374,4.740605749486654,0.9921780986762936,1948
S1,pd,5.0,1.0,balanced,7,20.158871024117442,4.707759524641733,0.9347910972276454,2861
S1,pd,5.0,1.0,balanced,11,21.361419403669725,4.986678899082569,0.9514229636898921,2180
S1,pd,5.0,1.0,balanced,13,19.564951457489876,4.319574898785425,0.9668152550767707,2470
S1,pd,5.0,1.0,balanced,17,17.52092031403337,4.050068694798822,0.9056010069225928,2038
S1,pd,5.0,1.0,balanced,19,21.086707404326123,4.536921797004991,0.9713093375065206,2404
S1,pd,5.0,1.0,balanced,23,21.24354920112782,4.824938909774436,0.9373408048904738,2128
S1,pd,5.0,1.0,balanced,29,20.565622185430463,4.537639545884579,0.973435655253837,2114
S1,pd,5.0,1.0,balanced,31,22.613599041970804,4.838485401459853,0.9904812268640931,2192
S1,pd,5.0,1.0,balanced,37,20.94405400457666,4.765496567505721,0.9262208067940552,2185
S1,pd,5.0,1.0,balanced,41,21.23000437100213,4.623379530916844,0.982085732565579,1876
S1,pd,7.0,1.0,balanced,7,28.552740381091972,4.691945767680469,0.8922572716099959,2729
S1,pd,7.0,1.0,balanced,11,27.394711824953447,5.007532588454376,0.7996001999000499,2148
S1,pd,7.0,1.0,balanced,13,25.746938406708598,4.3524821802935,0.9036999493157628,2385
S1,pd,7.0,1.0,balanced,17,22.983007302231236,4.124447261663286,0.7545691906005222,1972
S1,pd,7.0,1.0,balanced,19,25.830023276561235,4.729371451743715,0.7808764940239044,2466
S1,pd,7.0,1.0,balanced,23,25.9219806466952,4.927289586305278,0.7997919916796672,2103
S1,pd,7.0,1.0,balanced,29,25.62490645317807,4.57943231441048,0.9111245465538089,2061
S1,pd,7.0,1.0,balanced,31,30.292790344492964,4.735521591460456,0.9447608200455581,2061
S1,pd,7.0,1.0,balanced,37,24.605570252025203,4.612128712871288,0.873538788522848,2222
S1,pd,7.0,1.0,balanced,41,27.608878421900165,4.7156038647343,0.8637223974763407,1863
S2,none,0.0,0.5,balanced,7,0.0,5.544491315136476,0.0,806
S2,none,0.0,0.5,balanced,11,0.0,6.0160465116279065,0.0,645
S2,none,0.0,0.5,balanced,13,0.0,4.651119648737651,0.0,911
S2,none,0.0,0.5,balanced,17,0.0,5.8712573099415195,0.0,342
S2,none,0.0,0.5,balanced,19,0.0,5.930073099415204,0.0,684
S2,none,0.0,0.5,balanced,23,0.0,5.8294,0.0,450
S2,none,0.0,0.5,balanced,29,0.0,4.377450292397661,0.0,855
S2,none,0.0,0.5,balanced,31,0.0,5.413254637436763,0.0,593
S2,none,0.0,0.5,balanced,37,0.0,4.920697674418605,0.0,559
S2,none,0.0,0.5,balanced,41,0.0,4.582018072289157,0.0,664
S2,none,0.0,0.5,fastdom,7,0.0,6.447022696929238,0.0,749
S2,none,0.0,0.5,fastdom,11,0.0,6.894955223880597,0.0,670
S2,none,0.0,0.5,fastdom,13,0.0,6.24238036809816,0.0,815
S2,none,0.0,0.5,fastdom,17,0.0,5.423002915451895,0.0,343
S2,none,0.0,0.5,fastdom,19,0.0,7.268245614035087,0.0,741
S2,none,0.0,0.5,fastdom,23,0.0,6.631968911917097,0.0,386
S2,none,0.0,0.5,fastdom,29,0.0,5.448874345549739,0.0,764
S2,none,0.0,0.5,fastdom,31,0.0,5.73918118466899,0.0,574
S2,none,0.0,0.5,fastdom,37,0.0,5.576968576709797,0.0,541
S2,none,0.0,0.5,fastdom,41,0.0,6.882395833333334,0.0,288
S2,none,0.0,0.5,slowdom,7,0.0,4.7421566265060235,0.0,830
S2,none,0.0,0.5,slowdom,11,0.0,5.754673267326732,0.0,505
S2,none,0.0,0.5,slowdom,13,0.0,4.378660337552742,0.0,948
S2,none,0.0,0.5,slowdom,17,0.0,4.76408695652174,0.0,345
S2,none,0.0,0.5,slowdom,19,0.0,4.066485310119695,0.0,919
S2,none,0.0,0.5,slowdom,23,0.0,5.058305084745762,0.0,413
S2,none,0.0,0.5,slowdom,29,0.0,3.9790700636942673,0.0,785
S2,none,0.0,0.5,slowdom,31,0.0,4.959201065246337,0.0,751
S2,none,0.0,0.5,slowdom,37,0.0,4.2487914691943125,0.0,422
S2,none,0.0,0.5,slowdom,41,0.0,4.584908759124088,0.0,548
S2,none,0.0,1.0,balanced,7,0.0,5.114066404855409,0.0,2801
S2,none,0.0,1.0,balanced,11,0.0,5.374449954914336,0.0,2218
S2,none,0.0,1.0,balanced,13,0.0,5.0774170516589665,0.0,2381
S2,none,0.0,1.0,balanced,17,0.0,4.3584370860927155,0.0,2265
S2,none,0.0,1.0,balanced,19,0.0,5.093814393939394,0.0,2640
S2,none,0.0,1.0,balanced,23,0.0,5.16396217712177,0.0,2168
S2,none,0.0,1.0,balanced,29,0.0,4.635008431703204,0.0,2372
S2,none,0.0,1.0,balanced,31,0.0,5.230915208613728,0.0,2229
S2,none,0.0,1.0,balanced,37,0.0,4.855587734241907,0.0,2348
S2,none,0.0,1.0,balanced,41,0.0,4.902228454869965,0.0,1961
S2,none,0.0,1.0,fastdom,7,0.0,5.681339210747271,0.0,2382
S2,none,0.0,1.0,fastdom,11,0.0,6.632470588235295,0.0,1700
S2,none,0.0,1.0,fastdom,13,0.0,6.192333191670209,0.0,2353
S2,none,0.0,1.0,fastdom,17,0.0,5.125087006960558,0.0,1724
S2,none,0.0,1.0,fastdom,19,0.0,5.482956171735241,0.0,2236
S2,none,0.0,1.0,fastdom,23,0.0,5.934947464595706,0.0,2189
S2,none,0.0,1.0,fastdom,29,0.0,5.432958607714017,0.0,2126
S2,none,0.0,1.0,fastdom,31,0.0,6.411404682274248,0.0,1794
S2,none,0.0,1.0,fastdom,37,0.0,6.345275590551181,0.0,2032
S2,none,0.0,1.0,fastdom,41,0.0,5.9661277777777775,0.0,1800
S2,none,0.0,1.0,slowdom,7,0.0,4.506305732484076,0.0,2983
S2,none,0.0,1.0,slowdom,11,0.0,4.504620510921881,0.0,2701
S2,none,0.0,1.0,slowdom,13,0.0,4.671218097447795,0.0,2586
S2,none,0.0,1.0,slowdom,17,0.0,4.331647609147609,0.0,1924
S2,none,0.0,1.0,slowdom,19,0.0,4.69326109751835,0.0,2861
S2,none,0.0,1.0,slowdom,23,0.0,4.98711917562724,0.0,2232
S2,none,0.0,1.0,slowdom,29,0.0,4.515787193066924,0.0,2077
S2,none,0.0,1.0,slowdom,31,0.0,4.5150808936825895,0.0,2596
S2,none,0.0,1.0,slowdom,37,0.0,4.58296875,0.0,2688
S2,none,0.0,1.0,slowdom,41,0.0,4.614544776119403,0.0,2680
S2,none,0.0,2.0,balanced,7,0.0,5.0461635396247555,0.0,7142
S2,none,0.0,2.0,balanced,11,0.0,4.782301917147071,0.0,7459
S2,none,0.0,2.0,balanced,13,0.0,4.379902061268648,0.0,8781
S2,none,0.0,2.0,balanced,17,0.0,4.62555953693495,0.0,7256
S2,none,0.0,2.0,balanced,19,0.0,4.620442361019411,0.0,7573
S2,none,0.0,2.0,balanced,23,0.0,5.090361185983828,0.0,7420
S2,none,0.0,2.0,balanced,29,0.0,5.003854105138807,0.0,6772
S2,none,0.0,2.0,balanced,31,0.0,5.020385024211645,0.0,8467
S2,none,0.0,2.0,balanced,37,0.0,4.835911254019292,0.0,7775
S2,none,0.0,2.0,balanced,41,0.0,4.423460664583925,0.0,7042
S2,none,0.0,2.0,fastdom,7,0.0,5.503475581574487,0.0,6491
S2,none,0.0,2.0,fastdom,11,0.0,4.673127869764854,0.0,7187
S2,none,0.0,2.0,fastdom,13,0.0,5.497657128257537,0.0,7828
S2,none,0.0,2.0,fastdom,17,0.0,5.270078348651499,0.0,6637
S2,none,0.0,2.0,fastdom,19,0.0,5.510938153570362,0.0,6694
S2,none,0.0,2.0,fastdom,23,0.0,6.373338353413654,0.0,5976
S2,none,0.0,2.0,fastdom,29,0.0,5.810310579100614,0.0,6182
S2,none,0.0,2.0,fastdom,31,0.0,5.530014452765734,0.0,7611
S2,none,0.0,2.0,fastdom,37,0.0,5.622739183424741,0.0,6564
S2,none,0.0,2.0,fastdom,41,0.0,5.266131410256411,0.0,6240
S2,none,0.0,2.0,slowdom,7,0.0,4.445081734186212,0.0,7035
S2,none,0.0,2.0,slowdom,11,0.0,4.3392940591598315,0.0,8046
S2,none,0.0,2.0,slowdom,13,0.0,4.126695412211107,0.0,8697
S2,none,0.0,2.0,slowdom,17,0.0,4.3601035484278325,0.0,7919
S2,none,0.0,2.0,slowdom,19,0.0,4.677670899756822,0.0,7402
S2,none,0.0,2.0,slowdom,23,0.0,4.58363421314741,0.0,8032
S2,none,0.0,2.0,slowdom,29,0.0,4.497587095025078,0.0,7377
S2,none,0.0,2.0,slowdom,31,0.0,4.61196537565198,0.0,9011
S2,none,0.0,2.0,slowdom,37,0.0,4.460224225612575,0.0,8652
S2,none,0.0,2.0,slowdom,41,0.0,4.1604537521815015,0.0,6876
S2,none,0.0,3.0,balanced,7,0.0,4.3614377724286,0.0,15371
S2,none,0.0,3.0,balanced,11,0.0,4.462678468624064,0.0,13896
S2,none,0.0,3.0,balanced,13,0.0,3.73337846468259,0.0,15658
S2,none,0.0,3.0,balanced,17,0.0,4.200306274738823,0.0,15411
S2,none,0.0,3.0,balanced,19,0.0,4.175476206731754,0.0,14647
S2,none,0.0,3.0,balanced,23,0.0,4.710181429250515,0.0,12622
S2,none,0.0,3.0,balanced,29,0.0,4.645915152460423,0.0,12823
S2,none,0.0,3.0,balanced,31,0.0,3.7131661696936837,0.0,14756
S2,none,0.0,3.0,balanced,37,0.0,4.3200559234731415,0.0,13590
S2,none,0.0,3.0,balanced,41,0.0,4.0097010081480455,0.0,14482
S2,none,0.0,3.0,fastdom,7,0.0,4.165442371449002,0.0,15383
S2,none,0.0,3.0,fastdom,11,0.0,4.655651419082126,0.0,13248
S2,none,0.0,3.0,fastdom,13,0.0,3.759569789674952,0.0,15690
S2,none,0.0,3.0,fastdom,17,0.0,4.216171777529713,0.0,15229
S2,none,0.0,3.0,fastdom,19,0.0,3.6888908303047248,0.0,14308
S2,none,0.0,3.0,fastdom,23,0.0,5.306347404004507,0.0,11537
S2,none,0.0,3.0,fastdom,29,0.0,5.059630672125555,0.0,11724
S2,none,0.0,3.0,fastdom,31,0.0,4.357335693737553,0.0,13557
S2,none,0.0,3.0,fastdom,37,0.0,4.589348297213623,0.0,12920
S2,none,0.0,3.0,fastdom,41,0.0,5.148603123748498,0.0,12485
S2,none,0.0,3.0,slowdom,7,0.0,4.20069557138433,0.0,16145
S2,none,0.0,3.0,slowdom,11,0.0,4.108975895410595,0.0,14686
S2,none,0.0,3.0,slowdom,13,0.0,3.5845567774469895,0.0,16459
S2,none,0.0,3.0,slowdom,17,0.0,3.713062192550949,0.0,17076
S2,none,0.0,3.0,slowdom,19,0.0,3.7116816171825646,0.0,15830
S2,none,0.0,3.0,slowdom,23,0.0,4.475244374259771,0.0,12665
S2,none,0.0,3.0,slowdom,29,0.0,4.203137680616905,0.0,13357
S2,none,0.0,3.0,slowdom,31,0.0,3.724011670313639,0.0,15081
S2,none,0.0,3.0,slowdom,37,0.0,4.041862988440536,0.0,14101
S2,none,0.0,3.0,slowdom,41,0.0,3.9375901796735704,0.0,14582
S2,pd,3.0,0.5,balanced,7,14.329055516014236,5.29638196915777,0.9946879150066401,843
S2,pd,3.0,0.5,balanced,11,15.301348913043478,5.602839673913044,0.9954268292682927,736
S2,pd,3.0,0.5,balanced,13,12.399126881720429,4.576860215053763,0.9894039735099338,930
S2,pd,3.0,0.5,balanced,17,14.167347042253521,5.394056338028169,0.9941348973607038,355
S2,pd,3.0,0.5,balanced,19,13.429000312989045,4.9374804381846635,0.9800796812749004,639
S2,pd,3.0,0.5,balanced,23,13.812768463073853,5.231077844311377,0.9913419913419913,501
S2,pd,3.0,0.5,balanced,29,10.96461658711217,4.001897374701671,0.9798994974874372,838
S2,pd,3.0,0.5,balanced,31,14.398753804347827,5.280217391304348,0.9959839357429718,552
S2,pd,3.0,0.5,balanced,37,12.742977117117116,4.696594594594594,0.9978858350951374,555
S2,pd,3.0,0.5,balanced,41,12.27371162464986,4.4922829131652655,0.9868173258003766,714
S2,pd,3.0,0.5,fastdom,7,16.302486550435866,5.744856787048568,0.9751243781094527,803
S2,pd,3.0,0.5,fastdom,11,17.03303371428571,6.301457142857143,0.9937007874015747,700
S2,pd,3.0,0.5,fastdom,13,15.859761519607842,5.8511274509803926,0.9916897506925207,816
S2,pd,3.0,0.5,fastdom,17,13.724882515337423,5.0123312883435585,0.9840637450199203,326
S2,pd,3.0,0.5,fastdom,19,18.243201374045803,6.711740458015268,0.9653846153846154,655
S2,pd,3.0,0.5,fastdom,23,17.23153093333333,6.165039999999999,0.9761092150170648,375
S2,pd,3.0,0.5,fastdom,29,14.177281355932204,5.17205997392438,0.9717514124293786,767
S2,pd,3.0,0.5,fastdom,31,15.716037153419595,5.644380776340111,0.9886621315192744,541
S2,pd,3.0,0.5,fastdom,37,14.456162704918032,5.279200819672131,0.9868766404199475,488
S2,pd,3.0,0.5,fastdom,41,20.361106968641117,7.512857142857143,0.9746835443037974,287
S2,pd,3.0,0.5,slowdom,7,12.529860932297446,4.60196448390677,0.9963503649635036,901
S2,pd,3.0,0.5,slowdom,11,15.21448265895954,5.63204238921002,0.9882583170254403,519
S2,pd,3.0,0.5,slowdom,13,11.626752083333335,4.358666666666666,0.9939975990396158,960
S2,pd,3.0,0.5,slowdom,17,12.600220063694268,4.743917197452229,0.9965753424657534,314
S2,pd,3.0,0.5,slowdom,19,10.566673917525772,3.864381443298969,0.9893758300132802,970
S2,pd,3.0,0.5,slowdom,23,13.297777149877149,4.9421621621621625,0.9974619289340102,407
S2,pd,3.0,0.5,slowdom,29,10.43599815546772,3.763069828722003,0.9948006932409013,759
S2,pd,3.0,0.5,slowdom,31,13.43384973045822,4.958692722371969,1.0,742
S2,pd,3.0,0.5,slowdom,37,11.596914698795182,4.250915662650603,1.0,415
S2,pd,3.0,0.5,slowdom,41,12.136467557251908,4.416431297709924,0.9955156950672646,524
S2,pd,3.0,1.0,balanced,7,13.071874375422013,4.860847400405132,0.9924981245311327,2962
S2,pd,3.0,1.0,balanced,11,13.346382268226822,5.007385238523852,0.9956076134699854,2222
S2,pd,3.0,1.0,balanced,13,12.622796522832008,4.672614160033515,0.9937046004842615,2387
S2,pd,3.0,1.0,balanced,17,11.333119495412843,4.143481651376146,0.9875518672199171,2180
S2,pd,3.0,1.0,balanced,19,12.896755340622372,4.6797645079899075,0.9928534966819806,2378
S2,pd,3.0,1.0,balanced,23,13.35643835897436,5.017076923076924,0.9966573816155989,1950
S2,pd,3.0,1.0,balanced,29,13.002013728129207,4.755082996859579,0.9938956714761377,2229
S2,pd,3.0,1.0,balanced,31,13.441940934320074,4.949754856614247,0.993048128342246,2162
S2,pd,3.0,1.0,balanced,37,13.424365448060632,4.911983950066874,0.9942738157209786,2243
S2,pd,3.0,1.0,balanced,41,12.905063039014374,4.740605749486654,0.9921780986762936,1948
S2,pd,3.0,1.0,fastdom,7,14.060239596273295,5.203004658385093,0.9933774834437086,2576
S2,pd,3.0,1.0,fastdom,11,16.47310770128355,6.0111376896149356,0.9879598662207358,1714
S2,pd,3.0,1.0,fastdom,13,15.922184095149253,5.843754664179105,0.9843924191750278,2144
S2,pd,3.0,1.0,fastdom,17,13.518874984746796,4.945735204392922,0.9840637450199203,1639
S2,pd,3.0,1.0,fastdom,19,13.30168479745107,4.858356850250342,0.9691211401425178,2197
S2,pd,3.0,1.0,fastdom,23,14.6656352010845,5.4109399005874375,0.9892299407646742,2213
S2,pd,3.0,1.0,fastdom,29,13.63612481278083,4.936250624063904,0.9848284960422163,2003
S2,pd,3.0,1.0,fastdom,31,16.639572743574416,6.026969515839809,0.9825581395348837,1673
S2,pd,3.0,1.0,fastdom,37,16.481463765281173,6.050259168704157,0.9907030796048809,2045
S2,pd,3.0,1.0,fastdom,41,15.48024594455852,5.613454825462012,0.9887710542732376,1948
S2,pd,3.0,1.0,slowdom,7,11.857599690934066,4.277269917582418,0.9952267303102625,2912
S2,pd,3.0,1.0,slowdom,11,12.145939240506328,4.448746044303798,0.9973273942093541,2528
S2,pd,3.0,1.0,slowdom,13,12.204554410616705,4.500987509758001,0.9969578444154715,2562
S2,pd,3.0,1.0,slowdom,17,11.043823100616017,4.032299794661191,0.9909677419354839,1948
S2,pd,3.0,1.0,slowdom,19,12.304324368825467,4.520523234540797,0.9966187658495351,2733
S2,pd,3.0,1.0,slowdom,23,13.244035750113998,4.870255357957137,0.9985401459854014,2193
S2,pd,3.0,1.0,slowdom,29,12.122059215101837,4.457903626428217,0.9941245593419507,2013
S2,pd,3.0,1.0,slowdom,31,12.394721114802511,4.59671465485419,0.9979765277215702,2709
S2,pd,3.0,1.0,slowdom,37,11.819413227091633,4.3195697211155375,0.9949494949494949,2510
S2,pd,3.0,1.0,slowdom,41,12.420709384498481,4.5341831306990885,0.996969696969697,2632
S2,pd,3.0,2.0,balanced,7,13.086222004641717,4.875097185958804,0.9945963648272474,6894
S2,pd,3.0,2.0,balanced,11,10.930631340810605,4.014937547795055,0.9795884500497842,7846
S2,pd,3.0,2.0,balanced,13,11.043311221802359,4.025380739722889,0.9811406155703077,8733
S2,pd,3.0,2.0,balanced,17,11.363226403326403,4.202472626472627,0.9817992719708788,7215
S2,pd,3.0,2.0,balanced,19,11.800306819492501,4.351708477508651,0.9730933713471134,6936
S2,pd,3.0,2.0,balanced,23,12.88163825875355,4.772272542922806,0.9928125,7397
S2,pd,3.0,2.0,balanced,29,12.975970861127957,4.842595512431777,0.9910452901670398,6596
S2,pd,3.0,2.0,balanced,31,11.919617509898812,4.422710074791025,0.9782783588093322,9092
S2,pd,3.0,2.0,balanced,37,11.969065972747918,4.448388846833208,0.986468200270636,7926
S2,pd,3.0,2.0,balanced,41,11.391337478534632,4.168285632512879,0.9864667154352597,6988
S2,pd,3.0,2.0,fastdom,7,13.915779807692308,5.071317307692308,0.9807139926138695,6240
S2,pd,3.0,2.0,fastdom,11,11.341070911820912,4.024500409500409,0.9669179229480737,7326
S2,pd,3.0,2.0,fastdom,13,11.496526242829828,4.142141491395794,0.9562596865851558,8368
S2,pd,3.0,2.0,fastdom,17,13.01802380101281,4.7110366398570145,0.9640549273021002,6714
S2,pd,3.0,2.0,fastdom,19,13.830235337764725,5.031097542123976,0.9688924113334654,6469
S2,pd,3.0,2.0,fastdom,23,14.764918617374006,5.385867042440318,0.9770020533880903,6032
S2,pd,3.0,2.0,fastdom,29,14.755895411922303,5.459922973878098,0.9831847649918962,5972
S2,pd,3.0,2.0,fastdom,31,13.231267218025527,4.888347225840062,0.9614690932939827,7678
S2,pd,3.0,2.0,fastdom,37,13.925633208226992,5.103630085572736,0.9858689667828959,6661
S2,pd,3.0,2.0,fastdom,41,12.763499648535564,4.682784937238494,0.9689617486338797,5975
S2,pd,3.0,2.0,slowdom,7,11.5257587380715,4.207913402649195,0.9942837346267106,7021
S2,pd,3.0,2.0,slowdom,11,11.504014334600761,4.226408111533587,0.9915140687807057,7890
S2,pd,3.0,2.0,slowdom,13,10.24176086418364,3.7326713176550017,0.9835415135929464,8887
S2,pd,3.0,2.0,slowdom,17,11.200574612129762,4.094528785741762,0.9907178217821783,7799
S2,pd,3.0,2.0,slowdom,19,12.05310540277778,4.444333333333334,0.9938967136150235,7200
S2,pd,3.0,2.0,slowdom,23,11.708118715049087,4.295471604324592,0.9947810959698463,8047
S2,pd,3.0,2.0,slowdom,29,11.948478631779777,4.403836195148542,0.9959551960174238,7338
S2,pd,3.0,2.0,slowdom,31,11.284271974592048,4.13459095389333,0.9867679811345473,9131
S2,pd,3.0,2.0,slowdom,37,11.733411382673552,4.311241537578887,0.9943532501641497,8715
S2,pd,3.0,2.0,slowdom,41,11.231572603568187,4.076053825219232,0.9940498326515433,6614
S2,pd,3.0,3.0,balanced,7,10.538020208484529,3.911197466517121,0.969886123998313,15157
S2,pd,3.0,3.0,balanced,11,10.442256725958865,3.777590327959978,0.9787394167450612,14392
S2,pd,3.0,3.0,balanced,13,9.460993812977344,3.3767582311789996,0.9804761430421357,15581
S2,pd,3.0,3.0,balanced,17,10.018692207950325,3.647219212272478,0.9740572115797612,16427
S2,pd,3.0,3.0,balanced,19,10.189985034290757,3.6897222788076323,0.9824646858256211,14727
S2,pd,3.0,3.0,balanced,23,11.435579288669638,4.249996021642266,0.985522531160115,12568
S2,pd,3.0,3.0,balanced,29,11.18774225086451,4.117459132348318,0.9830559757942511,12724
S2,pd,3.0,3.0,balanced,31,10.037282786485546,3.662281435040056,0.9809377105997882,14355
S2,pd,3.0,3.0,balanced,37,10.69927420583585,3.9322135978151502,0.9759831595062674,13914
S2,pd,3.0,3.0,balanced,41,10.055016235377527,3.5726196384260898,0.9776840806252571,14105
S2,pd,3.0,3.0,fastdom,7,9.712875066497784,3.5591564281190626,0.9259018222387505,15790
S2,pd,3.0,3.0,fastdom,11,10.74444919614148,3.765350619142095,0.9654240950837385,14617
S2,pd,3.0,3.0,fastdom,13,9.757796110625124,3.3779402462822152,0.9694496268656716,14861
S2,pd,3.0,3.0,fastdom,17,11.127959566434477,4.006042575353168,0.9625915927497107,15361
S2,pd,3.0,3.0,fastdom,19,9.55635073270396,3.2683894603353534,0.9533547179898423,14194
S2,pd,3.0,3.0,fastdom,23,13.17344024778761,4.822787610619469,0.9773740143983545,11300
S2,pd,3.0,3.0,fastdom,29,11.538418185516681,4.191749389747763,0.9600365380223795,12290
S2,pd,3.0,3.0,fastdom,31,9.80802159535794,3.4099706375838927,0.962151636850432,14304
S2,pd,3.0,3.0,fastdom,37,11.012627149180712,3.985370039605498,0.9510640719244339,12877
S2,pd,3.0,3.0,fastdom,41,11.365283344824945,4.028840879491305,0.9583672520060472,13053
S2,pd,3.0,3.0,slowdom,7,10.053632005092298,3.6569096117122855,0.9881487535758071,15710
S2,pd,3.0,3.0,slowdom,11,10.594357665458451,3.7813941468653516,0.9913457377758547,14898
S2,pd,3.0,3.0,slowdom,13,9.436058046442133,3.3733300130735233,0.9820531227566404,16063
S2,pd,3.0,3.0,slowdom,17,9.725569430387194,3.5096557608567727,0.9784465229768199,16994
S2,pd,3.0,3.0,slowdom,19,9.547818442124143,3.408731022996605,0.9876349543231522,15611
S2,pd,3.0,3.0,slowdom,23,11.91454515295827,4.379942691096941,0.995258019525802,12389
S2,pd,3.0,3.0,slowdom,29,10.847405204797465,3.9555887455683787,0.9888584647342082,13257
S2,pd,3.0,3.0,slowdom,31,9.564469153389146,3.4399459897380504,0.9830572645527685,14812
S2,pd,3.0,3.0,slowdom,37,10.266757038288288,3.734165962837838,0.9856525337993194,14208
S2,pd,3.0,3.0,slowdom,41,10.314399896193772,3.7148145328719724,0.9876442264013809,14450
S3,if,3.0,1.0,balanced,7,6.714270167480809,4.9649825540823445,0.5003861003861004,2866
S3,if,3.0,1.0,balanced,11,7.057709155261916,5.280018876828693,0.49538461538461537,2119
S3,if,3.0,1.0,balanced,13,6.8019037639007704,4.782934131736527,0.5198193677872553,2338
S3,if,3.0,1.0,balanced,17,5.813276435733819,4.171540565177758,0.5058892815076561,2194
S3,if,3.0,1.0,balanced,19,6.486630844954881,4.836853978671042,0.4906219151036525,2438
S3,if,3.0,1.0,balanced,23,6.383430251694095,5.026452081316553,0.4744842562432139,2066
S3,if,3.0,1.0,balanced,29,6.334141489361702,4.715669326241135,0.4898407468423943,2256
S3,if,3.0,1.0,balanced,31,7.093635480814779,5.149223117006159,0.5024766097963677,2111
S3,if,3.0,1.0,balanced,37,6.794590812250332,4.95803373280071,0.49015544041450776,2253
S3,if,3.0,1.0,balanced,41,6.448550673575129,4.735316062176166,0.5061050061050061,1930
S3,jo,0.0,1.0,balanced,7,0.8276419217081852,5.125989323843416,0.5071884984025559,2810
S3,jo,0.0,1.0,balanced,11,0.7972827413479052,5.381589253187614,0.504930966469428,2196
S3,jo,0.0,1.0,balanced,13,0.8022330326460482,5.0765549828178695,0.5017335314512135,2328
S3,jo,0.0,1.0,balanced,17,0.7987250987275121,4.32482229047828,0.5221729490022173,2279
S3,jo,0.0,1.0,balanced,19,0.8021593868281605,5.057426192278577,0.5088515660463006,2642
S3,jo,0.0,1.0,balanced,23,0.8032046196920205,5.16920671955203,0.5055060304142632,2143
S3,jo,0.0,1.0,balanced,29,0.7938776465626317,4.636832560101223,0.48735157459989675,2371
S3,jo,0.0,1.0,balanced,31,0.7947465741155396,5.232906403940887,0.5144927536231884,2233
S3,jo,0.0,1.0,balanced,37,0.7963091142490373,4.8463970902866915,0.4912008281573499,2337
S3,jo,0.0,1.0,balanced,41,0.7861491353001017,4.899496439471007,0.5042117930204573,1966
S3,pdr,0.0,1.0,balanced,7,5.211204124457308,5.011259044862518,0.2353896103896104,2764
S3,pdr,0.0,1.0,balanced,11,4.655237505752416,5.221030832949839,0.19920119820269597,2173
S3,pdr,0.0,1.0,balanced,13,5.576156042553192,4.693774468085106,0.2641509433962264,2350
S3,pdr,0.0,1.0,balanced,17,3.810069698397738,4.180146088595665,0.21275327771156138,2122
S3,pdr,0.0,1.0,balanced,19,5.562826306913998,4.8213954468802696,0.2530487804878049,2372
S3,pdr,0.0,1.0,balanced,23,5.175323324808184,5.0285728900255755,0.22923777019340158,1955
S3,pdr,0.0,1.0,balanced,29,4.893939142212189,4.723268623024831,0.2251131221719457,2215
S3,pdr,0.0,1.0,balanced,31,5.556713508260446,5.118474246841594,0.23986486486486486,2058
S3,pdr,0.0,1.0,balanced,37,5.674589077558513,4.871106011932079,0.24753018660812295,2179
S3,pdr,0.0,1.0,balanced,41,5.878563586659378,4.803449972662658,0.2646675358539765,1829
